{"cameraMode":{"drawMode":0,"name":"Shaded","section":"Shading Mode"},"sceneLighting":false,"audioPlay":false,"sceneViewState":{"showFog":false,"showMaterialUpdate":false,"showSkybox":false,"showFlares":false,"showImageEffects":false,"showParticleSystems":false},"in2DMode":false,"pivot":{"x":1.4257149696350098,"y":2.0641095638275148,"z":0.029224634170532228},"rotation":{"x":-0.05568229779601097,"y":-0.05927550792694092,"z":0.003311620792374015,"w":-0.9966819882392883},"size":1.0443665981292725,"orthographic":false}