{"cameraMode":{"drawMode":0,"name":"Shaded","section":"Shading Mode"},"sceneLighting":false,"audioPlay":false,"sceneViewState":{"showFog":false,"showMaterialUpdate":false,"showSkybox":false,"showFlares":false,"showImageEffects":false,"showParticleSystems":false},"in2DMode":false,"pivot":{"x":0.3367781639099121,"y":1.3284821510314942,"z":0.387113094329834},"rotation":{"x":-0.07926822453737259,"y":0.10655263066291809,"z":-0.008521979674696923,"w":-0.9911057353019714},"size":4.758050441741943,"orthographic":false}