{"cameraMode":{"drawMode":0,"name":"Shaded","section":"Shading Mode"},"sceneLighting":true,"audioPlay":false,"sceneViewState":{"showFog":false,"showMaterialUpdate":false,"showSkybox":false,"showFlares":false,"showImageEffects":false,"showParticleSystems":false},"in2DMode":false,"pivot":{"x":-1.9275017976760865,"y":1.0758910179138184,"z":-0.46935415267944338},"rotation":{"x":-0.02358780987560749,"y":-0.24142038822174073,"z":0.005870034918189049,"w":-0.9701161980628967},"size":2.8578836917877199,"orthographic":false}