{"cameraMode":{"drawMode":0,"name":"Shaded","section":"Shading Mode"},"sceneLighting":false,"audioPlay":false,"sceneViewState":{"showFog":true,"showMaterialUpdate":false,"showSkybox":true,"showFlares":true,"showImageEffects":true,"showParticleSystems":true},"in2DMode":false,"pivot":{"x":0.9716759920120239,"y":-6.24087381362915,"z":6.0680646896362309},"rotation":{"x":0.44722360372543337,"y":-0.0219962690025568,"z":0.011002526618540287,"w":0.8940840363502502},"size":14.804162979125977,"orthographic":false}