{"cameraMode":{"drawMode":0,"name":"Shaded","section":"Shading Mode"},"sceneLighting":false,"audioPlay":false,"sceneViewState":{"showFog":true,"showMaterialUpdate":false,"showSkybox":true,"showFlares":true,"showImageEffects":true,"showParticleSystems":true},"in2DMode":false,"pivot":{"x":2.176814317703247,"y":1.571942687034607,"z":0.1574113368988037},"rotation":{"x":0.06771963089704514,"y":-0.03351379558444023,"z":0.002276054583489895,"w":0.9971387982368469},"size":3.157883644104004,"orthographic":false}