{"cameraMode":{"drawMode":0,"name":"Shaded","section":"Shading Mode"},"sceneLighting":false,"audioPlay":false,"sceneViewState":{"showFog":true,"showMaterialUpdate":false,"showSkybox":true,"showFlares":true,"showImageEffects":true,"showParticleSystems":true},"in2DMode":false,"pivot":{"x":0.387029767036438,"y":-0.7138432264328003,"z":0.5927894115447998},"rotation":{"x":0.28546974062919619,"y":0.04397301375865936,"z":-0.013113182969391346,"w":0.9572886228561401},"size":3.345155954360962,"orthographic":false}