{"cameraMode":{"drawMode":0,"name":"Shaded","section":"Shading Mode"},"sceneLighting":false,"audioPlay":false,"sceneViewState":{"showFog":true,"showMaterialUpdate":false,"showSkybox":true,"showFlares":true,"showImageEffects":true,"showParticleSystems":true},"in2DMode":false,"pivot":{"x":-0.10000038146972656,"y":-7.010000228881836,"z":-8.949999809265137},"rotation":{"x":-0.10146187245845795,"y":0.17161719501018525,"z":0.017772093415260316,"w":0.9797638654708862},"size":50.09292221069336,"orthographic":false}