{"cameraMode":{"drawMode":0,"name":"Shaded","section":"Shading Mode"},"sceneLighting":false,"audioPlay":false,"sceneViewState":{"showFog":true,"showMaterialUpdate":false,"showSkybox":true,"showFlares":true,"showImageEffects":true,"showParticleSystems":true},"in2DMode":false,"pivot":{"x":-0.2963049113750458,"y":-0.052345141768455508,"z":0.0319957435131073},"rotation":{"x":0.10197184979915619,"y":-0.5236386060714722,"z":0.06330787390470505,"w":0.8434432744979858},"size":0.690000057220459,"orthographic":false}