{"cameraMode":{"drawMode":0,"name":"Shaded","section":"Shading Mode"},"sceneLighting":true,"audioPlay":false,"sceneViewState":{"showFog":true,"showMaterialUpdate":false,"showSkybox":true,"showFlares":true,"showImageEffects":true,"showParticleSystems":true},"in2DMode":false,"pivot":{"x":19.43906021118164,"y":-23.440406799316408,"z":-1.3858261108398438},"rotation":{"x":0.00027965038316324353,"y":0.13756650686264039,"z":0.000039225018554134294,"w":-0.9904925227165222},"size":8.994622230529786,"orthographic":false}