{"cameraMode":{"drawMode":0,"name":"Shaded","section":"Shading Mode"},"sceneLighting":true,"audioPlay":false,"sceneViewState":{"showFog":true,"showMaterialUpdate":false,"showSkybox":true,"showFlares":true,"showImageEffects":true,"showParticleSystems":true},"in2DMode":false,"pivot":{"x":-39.454044342041019,"y":-10.486591339111329,"z":23.996318817138673},"rotation":{"x":-0.7310277223587036,"y":-0.008187010884284974,"z":0.008772553876042366,"w":-0.6822423338890076},"size":16.82118797302246,"orthographic":false}