{"cameraMode":{"drawMode":0,"name":"Shaded","section":"Shading Mode"},"sceneLighting":false,"audioPlay":false,"sceneViewState":{"showFog":true,"showMaterialUpdate":false,"showSkybox":true,"showFlares":true,"showImageEffects":true,"showParticleSystems":true},"in2DMode":false,"pivot":{"x":-0.7960431575775147,"y":-0.07848751544952393,"z":-0.6988665461540222},"rotation":{"x":0.08629821985960007,"y":-0.7299659252166748,"z":0.09381326287984848,"w":0.6714920401573181},"size":2.8578836917877199,"orthographic":false}