{"cameraMode":{"drawMode":0,"name":"Shaded","section":"Shading Mode"},"sceneLighting":true,"audioPlay":false,"sceneViewState":{"showFog":true,"showMaterialUpdate":false,"showSkybox":true,"showFlares":true,"showImageEffects":true,"showParticleSystems":true},"in2DMode":false,"pivot":{"x":14.818506240844727,"y":1.6768920421600342,"z":0.22417449951171876},"rotation":{"x":-0.08264037221670151,"y":0.04243745282292366,"z":-0.0035222910810261966,"w":-0.9956693053245544},"size":12.554296493530274,"orthographic":false}