{"cameraMode":{"drawMode":0,"name":"Shaded","section":"Shading Mode"},"sceneLighting":true,"audioPlay":false,"sceneViewState":{"showFog":true,"showMaterialUpdate":false,"showSkybox":true,"showFlares":true,"showImageEffects":true,"showParticleSystems":true},"in2DMode":false,"pivot":{"x":26.05121612548828,"y":-12.60285472869873,"z":32.16426467895508},"rotation":{"x":0.19881565868854524,"y":0.2533746063709259,"z":-0.05329431965947151,"w":0.9452160596847534},"size":59.01938247680664,"orthographic":false}