{"cameraMode":{"drawMode":0,"name":"Shaded","section":"Shading Mode"},"sceneLighting":false,"audioPlay":false,"sceneViewState":{"showFog":true,"showMaterialUpdate":false,"showSkybox":true,"showFlares":true,"showImageEffects":true,"showParticleSystems":true},"in2DMode":false,"pivot":{"x":4.196892738342285,"y":1.2674508094787598,"z":32.11595916748047},"rotation":{"x":0.05993055924773216,"y":-0.10669877380132675,"z":0.006443120539188385,"w":0.992462694644928},"size":31.859704971313478,"orthographic":false}