{"cameraMode":{"drawMode":0,"name":"Shaded","section":"Shading Mode"},"sceneLighting":false,"audioPlay":false,"sceneViewState":{"showFog":true,"showMaterialUpdate":false,"showSkybox":true,"showFlares":true,"showImageEffects":true,"showParticleSystems":true},"in2DMode":false,"pivot":{"x":1.7151775360107422,"y":1.263100504875183,"z":0.03685617446899414},"rotation":{"x":0.0078092957846820358,"y":-0.012595843523740769,"z":0.00009831516945268959,"w":0.9998902082443237},"size":5.257884502410889,"orthographic":false}