{"cameraMode":{"drawMode":0,"name":"Shaded","section":"Shading Mode"},"sceneLighting":true,"audioPlay":false,"sceneViewState":{"showFog":true,"showMaterialUpdate":false,"showSkybox":true,"showFlares":true,"showImageEffects":true,"showParticleSystems":true},"in2DMode":false,"pivot":{"x":2.5517327785491945,"y":4.274370193481445,"z":-6.508240699768066},"rotation":{"x":0.08823786675930023,"y":0.10083028674125672,"z":-0.008978519588708878,"w":0.9909423589706421},"size":16.34185218811035,"orthographic":false}