{"cameraMode":{"drawMode":0,"name":"Shaded","section":"Shading Mode"},"sceneLighting":true,"audioPlay":false,"sceneViewState":{"showFog":true,"showMaterialUpdate":false,"showSkybox":true,"showFlares":true,"showImageEffects":true,"showParticleSystems":true},"in2DMode":false,"pivot":{"x":0.0,"y":-10.020000457763672,"z":-8.949999809265137},"rotation":{"x":-0.18079961836338044,"y":0.33052194118499758,"z":-0.06466900557279587,"w":-0.9240588545799255},"size":50.09292221069336,"orthographic":false}