{"cameraMode":{"drawMode":0,"name":"Shaded","section":"Shading Mode"},"sceneLighting":true,"audioPlay":false,"sceneViewState":{"showFog":true,"showMaterialUpdate":false,"showSkybox":true,"showFlares":true,"showImageEffects":true,"showParticleSystems":true},"in2DMode":false,"pivot":{"x":-6.185420513153076,"y":3.7164154052734377,"z":30.174957275390626},"rotation":{"x":-0.15552914142608643,"y":-0.09587167203426361,"z":0.015168390236794949,"w":-0.9830510020256043},"size":23.444782257080079,"orthographic":false}