{"cameraMode":{"drawMode":0,"name":"Shaded","section":"Shading Mode"},"sceneLighting":true,"audioPlay":false,"sceneViewState":{"showFog":true,"showMaterialUpdate":false,"showSkybox":true,"showFlares":true,"showImageEffects":true,"showParticleSystems":true},"in2DMode":false,"pivot":{"x":2.9448297023773195,"y":-2.414724349975586,"z":-3.755725860595703},"rotation":{"x":-0.12715069949626923,"y":-0.06927649676799774,"z":0.008902671746909619,"w":-0.9894211888313294},"size":14.737359046936036,"orthographic":false}