{"cameraMode":{"drawMode":0,"name":"Shaded","section":"Shading Mode"},"sceneLighting":false,"audioPlay":false,"sceneViewState":{"showFog":true,"showMaterialUpdate":false,"showSkybox":true,"showFlares":true,"showImageEffects":true,"showParticleSystems":true},"in2DMode":false,"pivot":{"x":8.349137306213379,"y":-1.474508285522461,"z":35.67830276489258},"rotation":{"x":0.15772013366222382,"y":-0.2149740755558014,"z":0.035202719271183017,"w":0.9631569385528565},"size":24.86490249633789,"orthographic":false}