{"cameraMode":{"drawMode":0,"name":"Shaded","section":"Shading Mode"},"sceneLighting":false,"audioPlay":false,"sceneViewState":{"showFog":true,"showMaterialUpdate":false,"showSkybox":true,"showFlares":true,"showImageEffects":true,"showParticleSystems":true},"in2DMode":false,"pivot":{"x":10.260635375976563,"y":4.970540523529053,"z":17.68604278564453},"rotation":{"x":0.1423148810863495,"y":0.014256874099373818,"z":-0.002049180446192622,"w":0.989716649055481},"size":28.196409225463868,"orthographic":false}