{"cameraMode":{"drawMode":0,"name":"Shaded","section":"Shading Mode"},"sceneLighting":false,"audioPlay":false,"sceneViewState":{"showFog":true,"showMaterialUpdate":false,"showSkybox":true,"showFlares":true,"showImageEffects":true,"showParticleSystems":true},"in2DMode":false,"pivot":{"x":1.8396437168121338,"y":1.0531394481658936,"z":0.036708831787109378},"rotation":{"x":0.0078092957846820358,"y":-0.012595843523740769,"z":0.00009831516945268959,"w":0.9998902082443237},"size":4.0578837394714359,"orthographic":false}