{"cameraMode":{"drawMode":0,"name":"Shaded","section":"Shading Mode"},"sceneLighting":false,"audioPlay":false,"sceneViewState":{"showFog":true,"showMaterialUpdate":false,"showSkybox":true,"showFlares":true,"showImageEffects":true,"showParticleSystems":true},"in2DMode":false,"pivot":{"x":0.8131349086761475,"y":0.1843382716178894,"z":1.4371256828308106},"rotation":{"x":0.04518386349081993,"y":0.06977510452270508,"z":-0.0031636792700737716,"w":0.9965339303016663},"size":3.6050314903259279,"orthographic":false}