{"cameraMode":{"drawMode":0,"name":"Shaded","section":"Shading Mode"},"sceneLighting":true,"audioPlay":false,"sceneViewState":{"showFog":true,"showMaterialUpdate":false,"showSkybox":true,"showFlares":true,"showImageEffects":true,"showParticleSystems":true},"in2DMode":false,"pivot":{"x":-40.05556106567383,"y":-5.818572998046875,"z":23.3189640045166},"rotation":{"x":-0.1628221720457077,"y":0.40256351232528689,"z":-0.07300520688295365,"w":-0.8978317975997925},"size":43.41921615600586,"orthographic":false}