{"cameraMode":{"drawMode":0,"name":"Shaded","section":"Shading Mode"},"sceneLighting":true,"audioPlay":false,"sceneViewState":{"showFog":true,"showMaterialUpdate":false,"showSkybox":true,"showFlares":true,"showImageEffects":true,"showParticleSystems":true},"in2DMode":false,"pivot":{"x":5.729633331298828,"y":-9.454587936401368,"z":-3.533740997314453},"rotation":{"x":0.13590262830257417,"y":0.38696545362472536,"z":-0.05777886137366295,"w":0.9101921916007996},"size":20.544261932373048,"orthographic":false}