{"cameraMode":{"drawMode":0,"name":"Shaded","section":"Shading Mode"},"sceneLighting":false,"audioPlay":false,"sceneViewState":{"showFog":true,"showMaterialUpdate":false,"showSkybox":true,"showFlares":true,"showImageEffects":true,"showParticleSystems":true},"in2DMode":false,"pivot":{"x":-6.361315727233887,"y":-9.95573902130127,"z":106.85690307617188},"rotation":{"x":-0.05518735200166702,"y":0.007493187673389912,"z":-0.0004141890967730433,"w":-0.998447835445404},"size":133.1472930908203,"orthographic":false}