{"cameraMode":{"drawMode":0,"name":"Shaded","section":"Shading Mode"},"sceneLighting":true,"audioPlay":false,"sceneViewState":{"showFog":true,"showMaterialUpdate":false,"showSkybox":true,"showFlares":true,"showImageEffects":true,"showParticleSystems":true},"in2DMode":false,"pivot":{"x":13.343060493469239,"y":-2.3809189796447756,"z":54.68138885498047},"rotation":{"x":0.04679377004504204,"y":0.015884649008512498,"z":-0.0007440377958118916,"w":0.9987779855728149},"size":75.75068664550781,"orthographic":false}