{"cameraMode":{"drawMode":0,"name":"Shaded","section":"Shading Mode"},"sceneLighting":true,"audioPlay":false,"sceneViewState":{"showFog":true,"showMaterialUpdate":false,"showSkybox":true,"showFlares":true,"showImageEffects":true,"showParticleSystems":true},"in2DMode":false,"pivot":{"x":9.33830738067627,"y":-5.866387844085693,"z":-7.4812726974487309},"rotation":{"x":-0.051188696175813678,"y":0.061974868178367618,"z":-0.0031826782505959274,"w":-0.9967591762542725},"size":18.402690887451173,"orthographic":false}