{"cameraMode":{"drawMode":0,"name":"Shaded","section":"Shading Mode"},"sceneLighting":false,"audioPlay":false,"sceneViewState":{"showFog":true,"showMaterialUpdate":false,"showSkybox":true,"showFlares":true,"showImageEffects":true,"showParticleSystems":true},"in2DMode":false,"pivot":{"x":1.6966153383255005,"y":1.0948677062988282,"z":0.031707048416137698},"rotation":{"x":-0.00268928543664515,"y":-0.023094424977898599,"z":-0.0000621846120338887,"w":0.9997296929359436},"size":2.8578836917877199,"orthographic":false}