{"cameraMode":{"drawMode":0,"name":"Shaded","section":"Shading Mode"},"sceneLighting":false,"audioPlay":false,"sceneViewState":{"showFog":true,"showMaterialUpdate":false,"showSkybox":true,"showFlares":true,"showImageEffects":true,"showParticleSystems":true},"in2DMode":false,"pivot":{"x":1.7544740438461304,"y":1.138352394104004,"z":0.0341038703918457},"rotation":{"x":-0.00268928543664515,"y":-0.023094424977898599,"z":-0.0000621846120338887,"w":0.9997296929359436},"size":4.357883930206299,"orthographic":false}