{"cameraMode":{"drawMode":0,"name":"Shaded","section":"Shading Mode"},"sceneLighting":true,"audioPlay":false,"sceneViewState":{"showFog":true,"showMaterialUpdate":false,"showSkybox":true,"showFlares":true,"showImageEffects":true,"showParticleSystems":true},"in2DMode":false,"pivot":{"x":-1.1218228340148926,"y":7.296633243560791,"z":8.173078536987305},"rotation":{"x":0.04499608278274536,"y":-0.11571793258190155,"z":0.005247641354799271,"w":0.9922485947608948},"size":23.528493881225587,"orthographic":false}